"","week","instagram","periscope","meerkat","pinterest","facebook","start","end"
"1","2006-10-08 - 2006-10-14",0,0,0,0,0,2006-10-08,2006-10-14
"2","2006-10-15 - 2006-10-21",0,0,0,0,0,2006-10-15,2006-10-21
"3","2006-10-22 - 2006-10-28",0,0,0,0,0,2006-10-22,2006-10-28
"4","2006-10-29 - 2006-11-04",0,0,0,0,1,2006-10-29,2006-11-04
"5","2006-11-05 - 2006-11-11",0,0,0,0,1,2006-11-05,2006-11-11
"6","2006-11-12 - 2006-11-18",0,0,0,0,1,2006-11-12,2006-11-18
"7","2006-11-19 - 2006-11-25",0,0,0,0,1,2006-11-19,2006-11-25
"8","2006-11-26 - 2006-12-02",0,0,0,0,1,2006-11-26,2006-12-02
"9","2006-12-03 - 2006-12-09",0,0,0,0,1,2006-12-03,2006-12-09
"10","2006-12-10 - 2006-12-16",0,0,0,0,1,2006-12-10,2006-12-16
"11","2006-12-17 - 2006-12-23",0,0,0,0,1,2006-12-17,2006-12-23
"12","2006-12-24 - 2006-12-30",0,0,0,0,1,2006-12-24,2006-12-30
"13","2006-12-31 - 2007-01-06",0,0,0,0,1,2006-12-31,2007-01-06
"14","2007-01-07 - 2007-01-13",0,0,0,0,1,2007-01-07,2007-01-13
"15","2007-01-14 - 2007-01-20",0,0,0,0,1,2007-01-14,2007-01-20
"16","2007-01-21 - 2007-01-27",0,0,0,0,1,2007-01-21,2007-01-27
"17","2007-01-28 - 2007-02-03",0,0,0,0,1,2007-01-28,2007-02-03
"18","2007-02-04 - 2007-02-10",0,0,0,0,1,2007-02-04,2007-02-10
"19","2007-02-11 - 2007-02-17",0,0,0,0,1,2007-02-11,2007-02-17
"20","2007-02-18 - 2007-02-24",0,0,0,0,1,2007-02-18,2007-02-24
"21","2007-02-25 - 2007-03-03",0,0,0,0,1,2007-02-25,2007-03-03
"22","2007-03-04 - 2007-03-10",0,0,0,0,1,2007-03-04,2007-03-10
"23","2007-03-11 - 2007-03-17",0,0,0,0,1,2007-03-11,2007-03-17
"24","2007-03-18 - 2007-03-24",0,0,0,0,1,2007-03-18,2007-03-24
"25","2007-03-25 - 2007-03-31",0,0,0,0,1,2007-03-25,2007-03-31
"26","2007-04-01 - 2007-04-07",0,0,0,0,1,2007-04-01,2007-04-07
"27","2007-04-08 - 2007-04-14",0,0,0,0,1,2007-04-08,2007-04-14
"28","2007-04-15 - 2007-04-21",0,0,0,0,2,2007-04-15,2007-04-21
"29","2007-04-22 - 2007-04-28",0,0,0,0,2,2007-04-22,2007-04-28
"30","2007-04-29 - 2007-05-05",0,0,0,0,2,2007-04-29,2007-05-05
"31","2007-05-06 - 2007-05-12",0,0,0,0,2,2007-05-06,2007-05-12
"32","2007-05-13 - 2007-05-19",0,0,0,0,2,2007-05-13,2007-05-19
"33","2007-05-20 - 2007-05-26",0,0,0,0,2,2007-05-20,2007-05-26
"34","2007-05-27 - 2007-06-02",0,0,0,0,2,2007-05-27,2007-06-02
"35","2007-06-03 - 2007-06-09",0,0,0,0,2,2007-06-03,2007-06-09
"36","2007-06-10 - 2007-06-16",0,0,0,0,2,2007-06-10,2007-06-16
"37","2007-06-17 - 2007-06-23",0,0,0,0,2,2007-06-17,2007-06-23
"38","2007-06-24 - 2007-06-30",0,0,0,0,2,2007-06-24,2007-06-30
"39","2007-07-01 - 2007-07-07",0,0,0,0,2,2007-07-01,2007-07-07
"40","2007-07-08 - 2007-07-14",0,0,0,0,3,2007-07-08,2007-07-14
"41","2007-07-15 - 2007-07-21",0,0,0,0,3,2007-07-15,2007-07-21
"42","2007-07-22 - 2007-07-28",0,0,0,0,3,2007-07-22,2007-07-28
"43","2007-07-29 - 2007-08-04",0,0,0,0,3,2007-07-29,2007-08-04
"44","2007-08-05 - 2007-08-11",0,0,0,0,3,2007-08-05,2007-08-11
"45","2007-08-12 - 2007-08-18",0,0,0,0,3,2007-08-12,2007-08-18
"46","2007-08-19 - 2007-08-25",0,0,0,0,3,2007-08-19,2007-08-25
"47","2007-08-26 - 2007-09-01",0,0,0,0,3,2007-08-26,2007-09-01
"48","2007-09-02 - 2007-09-08",0,0,0,0,3,2007-09-02,2007-09-08
"49","2007-09-09 - 2007-09-15",0,0,0,0,3,2007-09-09,2007-09-15
"50","2007-09-16 - 2007-09-22",0,0,0,0,4,2007-09-16,2007-09-22
"51","2007-09-23 - 2007-09-29",0,0,0,0,4,2007-09-23,2007-09-29
"52","2007-09-30 - 2007-10-06",0,0,0,0,4,2007-09-30,2007-10-06
"53","2007-10-07 - 2007-10-13",0,0,0,0,4,2007-10-07,2007-10-13
"54","2007-10-14 - 2007-10-20",0,0,0,0,4,2007-10-14,2007-10-20
"55","2007-10-21 - 2007-10-27",0,0,0,0,5,2007-10-21,2007-10-27
"56","2007-10-28 - 2007-11-03",0,0,0,0,5,2007-10-28,2007-11-03
"57","2007-11-04 - 2007-11-10",0,0,0,0,5,2007-11-04,2007-11-10
"58","2007-11-11 - 2007-11-17",0,0,0,0,5,2007-11-11,2007-11-17
"59","2007-11-18 - 2007-11-24",0,0,0,0,6,2007-11-18,2007-11-24
"60","2007-11-25 - 2007-12-01",0,0,0,0,6,2007-11-25,2007-12-01
"61","2007-12-02 - 2007-12-08",0,0,0,0,5,2007-12-02,2007-12-08
"62","2007-12-09 - 2007-12-15",0,0,0,0,6,2007-12-09,2007-12-15
"63","2007-12-16 - 2007-12-22",0,0,0,0,6,2007-12-16,2007-12-22
"64","2007-12-23 - 2007-12-29",0,0,0,0,5,2007-12-23,2007-12-29
"65","2007-12-30 - 2008-01-05",0,0,0,0,6,2007-12-30,2008-01-05
"66","2008-01-06 - 2008-01-12",0,0,0,0,6,2008-01-06,2008-01-12
"67","2008-01-13 - 2008-01-19",0,0,0,0,6,2008-01-13,2008-01-19
"68","2008-01-20 - 2008-01-26",0,0,0,0,5,2008-01-20,2008-01-26
"69","2008-01-27 - 2008-02-02",0,0,0,0,6,2008-01-27,2008-02-02
"70","2008-02-03 - 2008-02-09",0,0,0,0,6,2008-02-03,2008-02-09
"71","2008-02-10 - 2008-02-16",0,0,0,0,6,2008-02-10,2008-02-16
"72","2008-02-17 - 2008-02-23",0,0,0,0,6,2008-02-17,2008-02-23
"73","2008-02-24 - 2008-03-01",0,0,0,0,6,2008-02-24,2008-03-01
"74","2008-03-02 - 2008-03-08",0,0,0,0,6,2008-03-02,2008-03-08
"75","2008-03-09 - 2008-03-15",0,0,0,0,6,2008-03-09,2008-03-15
"76","2008-03-16 - 2008-03-22",0,0,0,0,6,2008-03-16,2008-03-22
"77","2008-03-23 - 2008-03-29",0,0,0,0,6,2008-03-23,2008-03-29
"78","2008-03-30 - 2008-04-05",0,0,0,0,6,2008-03-30,2008-04-05
"79","2008-04-06 - 2008-04-12",0,0,0,0,6,2008-04-06,2008-04-12
"80","2008-04-13 - 2008-04-19",0,0,0,0,6,2008-04-13,2008-04-19
"81","2008-04-20 - 2008-04-26",0,0,0,0,7,2008-04-20,2008-04-26
"82","2008-04-27 - 2008-05-03",0,0,0,0,7,2008-04-27,2008-05-03
"83","2008-05-04 - 2008-05-10",0,0,0,0,7,2008-05-04,2008-05-10
"84","2008-05-11 - 2008-05-17",0,0,0,0,7,2008-05-11,2008-05-17
"85","2008-05-18 - 2008-05-24",0,0,0,0,8,2008-05-18,2008-05-24
"86","2008-05-25 - 2008-05-31",0,0,0,0,8,2008-05-25,2008-05-31
"87","2008-06-01 - 2008-06-07",0,0,0,0,8,2008-06-01,2008-06-07
"88","2008-06-08 - 2008-06-14",0,0,0,0,9,2008-06-08,2008-06-14
"89","2008-06-15 - 2008-06-21",0,0,0,0,9,2008-06-15,2008-06-21
"90","2008-06-22 - 2008-06-28",0,0,0,0,10,2008-06-22,2008-06-28
"91","2008-06-29 - 2008-07-05",0,0,0,0,9,2008-06-29,2008-07-05
"92","2008-07-06 - 2008-07-12",0,0,0,0,10,2008-07-06,2008-07-12
"93","2008-07-13 - 2008-07-19",0,0,0,0,10,2008-07-13,2008-07-19
"94","2008-07-20 - 2008-07-26",0,0,0,0,11,2008-07-20,2008-07-26
"95","2008-07-27 - 2008-08-02",0,0,0,0,12,2008-07-27,2008-08-02
"96","2008-08-03 - 2008-08-09",0,0,0,0,11,2008-08-03,2008-08-09
"97","2008-08-10 - 2008-08-16",0,0,0,0,11,2008-08-10,2008-08-16
"98","2008-08-17 - 2008-08-23",0,0,0,0,12,2008-08-17,2008-08-23
"99","2008-08-24 - 2008-08-30",0,0,0,0,12,2008-08-24,2008-08-30
"100","2008-08-31 - 2008-09-06",0,0,0,0,13,2008-08-31,2008-09-06
"101","2008-09-07 - 2008-09-13",0,0,0,0,13,2008-09-07,2008-09-13
"102","2008-09-14 - 2008-09-20",0,0,0,0,13,2008-09-14,2008-09-20
"103","2008-09-21 - 2008-09-27",0,0,0,0,14,2008-09-21,2008-09-27
"104","2008-09-28 - 2008-10-04",0,0,0,0,14,2008-09-28,2008-10-04
"105","2008-10-05 - 2008-10-11",0,0,0,0,14,2008-10-05,2008-10-11
"106","2008-10-12 - 2008-10-18",0,0,0,0,15,2008-10-12,2008-10-18
"107","2008-10-19 - 2008-10-25",0,0,0,0,16,2008-10-19,2008-10-25
"108","2008-10-26 - 2008-11-01",0,0,0,0,17,2008-10-26,2008-11-01
"109","2008-11-02 - 2008-11-08",0,0,0,0,17,2008-11-02,2008-11-08
"110","2008-11-09 - 2008-11-15",0,0,0,0,18,2008-11-09,2008-11-15
"111","2008-11-16 - 2008-11-22",0,0,0,0,19,2008-11-16,2008-11-22
"112","2008-11-23 - 2008-11-29",0,0,0,0,19,2008-11-23,2008-11-29
"113","2008-11-30 - 2008-12-06",0,0,0,0,20,2008-11-30,2008-12-06
"114","2008-12-07 - 2008-12-13",0,0,0,0,20,2008-12-07,2008-12-13
"115","2008-12-14 - 2008-12-20",0,0,0,0,21,2008-12-14,2008-12-20
"116","2008-12-21 - 2008-12-27",0,0,0,0,25,2008-12-21,2008-12-27
"117","2008-12-28 - 2009-01-03",0,0,0,0,25,2008-12-28,2009-01-03
"118","2009-01-04 - 2009-01-10",0,0,0,0,24,2009-01-04,2009-01-10
"119","2009-01-11 - 2009-01-17",0,0,0,0,25,2009-01-11,2009-01-17
"120","2009-01-18 - 2009-01-24",0,0,0,0,26,2009-01-18,2009-01-24
"121","2009-01-25 - 2009-01-31",0,0,0,0,26,2009-01-25,2009-01-31
"122","2009-02-01 - 2009-02-07",0,0,0,0,28,2009-02-01,2009-02-07
"123","2009-02-08 - 2009-02-14",0,0,0,0,28,2009-02-08,2009-02-14
"124","2009-02-15 - 2009-02-21",0,0,0,0,28,2009-02-15,2009-02-21
"125","2009-02-22 - 2009-02-28",0,0,0,0,29,2009-02-22,2009-02-28
"126","2009-03-01 - 2009-03-07",0,0,0,0,29,2009-03-01,2009-03-07
"127","2009-03-08 - 2009-03-14",0,0,0,0,29,2009-03-08,2009-03-14
"128","2009-03-15 - 2009-03-21",0,0,0,0,29,2009-03-15,2009-03-21
"129","2009-03-22 - 2009-03-28",0,0,0,0,29,2009-03-22,2009-03-28
"130","2009-03-29 - 2009-04-04",0,0,0,0,31,2009-03-29,2009-04-04
"131","2009-04-05 - 2009-04-11",0,0,0,0,33,2009-04-05,2009-04-11
"132","2009-04-12 - 2009-04-18",0,0,0,0,32,2009-04-12,2009-04-18
"133","2009-04-19 - 2009-04-25",0,0,0,0,32,2009-04-19,2009-04-25
"134","2009-04-26 - 2009-05-02",0,0,0,0,33,2009-04-26,2009-05-02
"135","2009-05-03 - 2009-05-09",0,0,0,0,31,2009-05-03,2009-05-09
"136","2009-05-10 - 2009-05-16",0,0,0,0,32,2009-05-10,2009-05-16
"137","2009-05-17 - 2009-05-23",0,0,0,0,33,2009-05-17,2009-05-23
"138","2009-05-24 - 2009-05-30",0,0,0,0,35,2009-05-24,2009-05-30
"139","2009-05-31 - 2009-06-06",0,0,0,0,34,2009-05-31,2009-06-06
"140","2009-06-07 - 2009-06-13",0,0,0,0,36,2009-06-07,2009-06-13
"141","2009-06-14 - 2009-06-20",0,0,0,0,36,2009-06-14,2009-06-20
"142","2009-06-21 - 2009-06-27",0,0,0,0,36,2009-06-21,2009-06-27
"143","2009-06-28 - 2009-07-04",0,0,0,0,36,2009-06-28,2009-07-04
"144","2009-07-05 - 2009-07-11",0,0,0,0,37,2009-07-05,2009-07-11
"145","2009-07-12 - 2009-07-18",0,0,0,0,39,2009-07-12,2009-07-18
"146","2009-07-19 - 2009-07-25",0,0,0,0,39,2009-07-19,2009-07-25
"147","2009-07-26 - 2009-08-01",0,0,0,0,40,2009-07-26,2009-08-01
"148","2009-08-02 - 2009-08-08",0,0,0,0,40,2009-08-02,2009-08-08
"149","2009-08-09 - 2009-08-15",0,0,0,0,40,2009-08-09,2009-08-15
"150","2009-08-16 - 2009-08-22",0,0,0,0,42,2009-08-16,2009-08-22
"151","2009-08-23 - 2009-08-29",0,0,0,0,44,2009-08-23,2009-08-29
"152","2009-08-30 - 2009-09-05",0,0,0,0,44,2009-08-30,2009-09-05
"153","2009-09-06 - 2009-09-12",0,0,0,0,45,2009-09-06,2009-09-12
"154","2009-09-13 - 2009-09-19",0,0,0,0,46,2009-09-13,2009-09-19
"155","2009-09-20 - 2009-09-26",0,0,0,0,44,2009-09-20,2009-09-26
"156","2009-09-27 - 2009-10-03",0,0,0,0,44,2009-09-27,2009-10-03
"157","2009-10-04 - 2009-10-10",0,0,0,0,46,2009-10-04,2009-10-10
"158","2009-10-11 - 2009-10-17",0,0,0,0,47,2009-10-11,2009-10-17
"159","2009-10-18 - 2009-10-24",0,0,0,0,47,2009-10-18,2009-10-24
"160","2009-10-25 - 2009-10-31",0,0,0,0,47,2009-10-25,2009-10-31
"161","2009-11-01 - 2009-11-07",0,0,0,0,48,2009-11-01,2009-11-07
"162","2009-11-08 - 2009-11-14",0,0,0,0,49,2009-11-08,2009-11-14
"163","2009-11-15 - 2009-11-21",0,0,0,0,48,2009-11-15,2009-11-21
"164","2009-11-22 - 2009-11-28",0,0,0,0,50,2009-11-22,2009-11-28
"165","2009-11-29 - 2009-12-05",0,0,0,0,48,2009-11-29,2009-12-05
"166","2009-12-06 - 2009-12-12",0,0,0,0,49,2009-12-06,2009-12-12
"167","2009-12-13 - 2009-12-19",0,0,0,0,50,2009-12-13,2009-12-19
"168","2009-12-20 - 2009-12-26",0,0,0,0,56,2009-12-20,2009-12-26
"169","2009-12-27 - 2010-01-02",0,0,0,0,57,2009-12-27,2010-01-02
"170","2010-01-03 - 2010-01-09",0,0,0,0,53,2010-01-03,2010-01-09
"171","2010-01-10 - 2010-01-16",0,0,0,0,53,2010-01-10,2010-01-16
"172","2010-01-17 - 2010-01-23",0,0,0,0,55,2010-01-17,2010-01-23
"173","2010-01-24 - 2010-01-30",0,0,0,0,56,2010-01-24,2010-01-30
"174","2010-01-31 - 2010-02-06",0,0,0,0,56,2010-01-31,2010-02-06
"175","2010-02-07 - 2010-02-13",0,0,0,0,57,2010-02-07,2010-02-13
"176","2010-02-14 - 2010-02-20",0,0,0,0,58,2010-02-14,2010-02-20
"177","2010-02-21 - 2010-02-27",0,0,0,0,56,2010-02-21,2010-02-27
"178","2010-02-28 - 2010-03-06",0,0,0,0,57,2010-02-28,2010-03-06
"179","2010-03-07 - 2010-03-13",0,0,0,0,57,2010-03-07,2010-03-13
"180","2010-03-14 - 2010-03-20",0,0,0,0,56,2010-03-14,2010-03-20
"181","2010-03-21 - 2010-03-27",0,0,0,0,58,2010-03-21,2010-03-27
"182","2010-03-28 - 2010-04-03",0,0,0,0,59,2010-03-28,2010-04-03
"183","2010-04-04 - 2010-04-10",0,0,0,0,60,2010-04-04,2010-04-10
"184","2010-04-11 - 2010-04-17",0,0,0,0,61,2010-04-11,2010-04-17
"185","2010-04-18 - 2010-04-24",0,0,0,0,63,2010-04-18,2010-04-24
"186","2010-04-25 - 2010-05-01",0,0,0,0,60,2010-04-25,2010-05-01
"187","2010-05-02 - 2010-05-08",0,0,0,0,61,2010-05-02,2010-05-08
"188","2010-05-09 - 2010-05-15",0,0,0,0,60,2010-05-09,2010-05-15
"189","2010-05-16 - 2010-05-22",0,0,0,0,61,2010-05-16,2010-05-22
"190","2010-05-23 - 2010-05-29",0,0,0,0,60,2010-05-23,2010-05-29
"191","2010-05-30 - 2010-06-05",0,0,0,0,59,2010-05-30,2010-06-05
"192","2010-06-06 - 2010-06-12",0,0,0,0,61,2010-06-06,2010-06-12
"193","2010-06-13 - 2010-06-19",0,0,0,0,62,2010-06-13,2010-06-19
"194","2010-06-20 - 2010-06-26",0,0,0,0,62,2010-06-20,2010-06-26
"195","2010-06-27 - 2010-07-03",0,0,0,0,62,2010-06-27,2010-07-03
"196","2010-07-04 - 2010-07-10",0,0,0,0,63,2010-07-04,2010-07-10
"197","2010-07-11 - 2010-07-17",0,0,0,0,62,2010-07-11,2010-07-17
"198","2010-07-18 - 2010-07-24",0,0,0,0,63,2010-07-18,2010-07-24
"199","2010-07-25 - 2010-07-31",0,0,0,0,64,2010-07-25,2010-07-31
"200","2010-08-01 - 2010-08-07",0,0,0,0,65,2010-08-01,2010-08-07
"201","2010-08-08 - 2010-08-14",0,0,0,0,64,2010-08-08,2010-08-14
"202","2010-08-15 - 2010-08-21",0,0,0,0,65,2010-08-15,2010-08-21
"203","2010-08-22 - 2010-08-28",0,0,0,0,64,2010-08-22,2010-08-28
"204","2010-08-29 - 2010-09-04",0,0,0,0,67,2010-08-29,2010-09-04
"205","2010-09-05 - 2010-09-11",0,0,0,0,67,2010-09-05,2010-09-11
"206","2010-09-12 - 2010-09-18",0,0,0,0,66,2010-09-12,2010-09-18
"207","2010-09-19 - 2010-09-25",0,0,0,0,71,2010-09-19,2010-09-25
"208","2010-09-26 - 2010-10-02",0,0,0,0,67,2010-09-26,2010-10-02
"209","2010-10-03 - 2010-10-09",0,0,0,0,67,2010-10-03,2010-10-09
"210","2010-10-10 - 2010-10-16",0,0,0,0,69,2010-10-10,2010-10-16
"211","2010-10-17 - 2010-10-23",0,0,0,0,69,2010-10-17,2010-10-23
"212","2010-10-24 - 2010-10-30",0,0,0,0,69,2010-10-24,2010-10-30
"213","2010-10-31 - 2010-11-06",0,0,0,0,69,2010-10-31,2010-11-06
"214","2010-11-07 - 2010-11-13",0,0,0,0,67,2010-11-07,2010-11-13
"215","2010-11-14 - 2010-11-20",0,0,0,0,69,2010-11-14,2010-11-20
"216","2010-11-21 - 2010-11-27",0,0,0,0,69,2010-11-21,2010-11-27
"217","2010-11-28 - 2010-12-04",0,0,0,0,68,2010-11-28,2010-12-04
"218","2010-12-05 - 2010-12-11",0,0,0,0,69,2010-12-05,2010-12-11
"219","2010-12-12 - 2010-12-18",0,0,0,0,69,2010-12-12,2010-12-18
"220","2010-12-19 - 2010-12-25",0,0,0,0,74,2010-12-19,2010-12-25
"221","2010-12-26 - 2011-01-01",0,0,0,0,76,2010-12-26,2011-01-01
"222","2011-01-02 - 2011-01-08",0,0,0,0,73,2011-01-02,2011-01-08
"223","2011-01-09 - 2011-01-15",0,0,0,0,71,2011-01-09,2011-01-15
"224","2011-01-16 - 2011-01-22",0,0,0,0,74,2011-01-16,2011-01-22
"225","2011-01-23 - 2011-01-29",0,0,0,0,74,2011-01-23,2011-01-29
"226","2011-01-30 - 2011-02-05",0,0,0,0,73,2011-01-30,2011-02-05
"227","2011-02-06 - 2011-02-12",0,0,0,0,74,2011-02-06,2011-02-12
"228","2011-02-13 - 2011-02-19",0,0,0,0,74,2011-02-13,2011-02-19
"229","2011-02-20 - 2011-02-26",0,0,0,0,71,2011-02-20,2011-02-26
"230","2011-02-27 - 2011-03-05",0,0,0,0,73,2011-02-27,2011-03-05
"231","2011-03-06 - 2011-03-12",0,0,0,0,72,2011-03-06,2011-03-12
"232","2011-03-13 - 2011-03-19",0,0,0,0,71,2011-03-13,2011-03-19
"233","2011-03-20 - 2011-03-26",0,0,0,0,71,2011-03-20,2011-03-26
"234","2011-03-27 - 2011-04-02",0,0,0,0,74,2011-03-27,2011-04-02
"235","2011-04-03 - 2011-04-09",0,0,0,0,73,2011-04-03,2011-04-09
"236","2011-04-10 - 2011-04-16",0,0,0,0,75,2011-04-10,2011-04-16
"237","2011-04-17 - 2011-04-23",0,0,0,0,75,2011-04-17,2011-04-23
"238","2011-04-24 - 2011-04-30",0,0,0,0,76,2011-04-24,2011-04-30
"239","2011-05-01 - 2011-05-07",0,0,0,0,72,2011-05-01,2011-05-07
"240","2011-05-08 - 2011-05-14",0,0,0,0,70,2011-05-08,2011-05-14
"241","2011-05-15 - 2011-05-21",0,0,0,0,69,2011-05-15,2011-05-21
"242","2011-05-22 - 2011-05-28",0,0,0,0,68,2011-05-22,2011-05-28
"243","2011-05-29 - 2011-06-04",0,0,0,0,72,2011-05-29,2011-06-04
"244","2011-06-05 - 2011-06-11",0,0,0,0,71,2011-06-05,2011-06-11
"245","2011-06-12 - 2011-06-18",0,0,0,0,73,2011-06-12,2011-06-18
"246","2011-06-19 - 2011-06-25",0,0,0,0,73,2011-06-19,2011-06-25
"247","2011-06-26 - 2011-07-02",0,0,0,0,73,2011-06-26,2011-07-02
"248","2011-07-03 - 2011-07-09",0,0,0,0,74,2011-07-03,2011-07-09
"249","2011-07-10 - 2011-07-16",0,0,0,0,75,2011-07-10,2011-07-16
"250","2011-07-17 - 2011-07-23",0,0,0,0,74,2011-07-17,2011-07-23
"251","2011-07-24 - 2011-07-30",0,0,0,0,76,2011-07-24,2011-07-30
"252","2011-07-31 - 2011-08-06",0,0,0,0,77,2011-07-31,2011-08-06
"253","2011-08-07 - 2011-08-13",0,0,0,0,76,2011-08-07,2011-08-13
"254","2011-08-14 - 2011-08-20",0,0,0,0,74,2011-08-14,2011-08-20
"255","2011-08-21 - 2011-08-27",0,0,0,0,76,2011-08-21,2011-08-27
"256","2011-08-28 - 2011-09-03",0,0,0,0,76,2011-08-28,2011-09-03
"257","2011-09-04 - 2011-09-10",0,0,0,0,76,2011-09-04,2011-09-10
"258","2011-09-11 - 2011-09-17",0,0,0,0,75,2011-09-11,2011-09-17
"259","2011-09-18 - 2011-09-24",0,0,0,0,75,2011-09-18,2011-09-24
"260","2011-09-25 - 2011-10-01",0,0,0,0,73,2011-09-25,2011-10-01
"261","2011-10-02 - 2011-10-08",0,0,0,0,75,2011-10-02,2011-10-08
"262","2011-10-09 - 2011-10-15",0,0,0,0,73,2011-10-09,2011-10-15
"263","2011-10-16 - 2011-10-22",0,0,0,0,73,2011-10-16,2011-10-22
"264","2011-10-23 - 2011-10-29",0,0,0,0,74,2011-10-23,2011-10-29
"265","2011-10-30 - 2011-11-05",0,0,0,0,73,2011-10-30,2011-11-05
"266","2011-11-06 - 2011-11-12",0,0,0,0,75,2011-11-06,2011-11-12
"267","2011-11-13 - 2011-11-19",0,0,0,0,72,2011-11-13,2011-11-19
"268","2011-11-20 - 2011-11-26",0,0,0,0,73,2011-11-20,2011-11-26
"269","2011-11-27 - 2011-12-03",0,0,0,0,73,2011-11-27,2011-12-03
"270","2011-12-04 - 2011-12-10",0,0,0,0,72,2011-12-04,2011-12-10
"271","2011-12-11 - 2011-12-17",0,0,0,0,74,2011-12-11,2011-12-17
"272","2011-12-18 - 2011-12-24",0,0,0,0,77,2011-12-18,2011-12-24
"273","2011-12-25 - 2011-12-31",0,0,0,0,80,2011-12-25,2011-12-31
"274","2012-01-01 - 2012-01-07",0,0,0,0,75,2012-01-01,2012-01-07
"275","2012-01-08 - 2012-01-14",0,0,0,1,72,2012-01-08,2012-01-14
"276","2012-01-15 - 2012-01-21",0,0,0,1,76,2012-01-15,2012-01-21
"277","2012-01-22 - 2012-01-28",0,0,0,1,75,2012-01-22,2012-01-28
"278","2012-01-29 - 2012-02-04",0,0,0,1,77,2012-01-29,2012-02-04
"279","2012-02-05 - 2012-02-11",0,0,0,1,75,2012-02-05,2012-02-11
"280","2012-02-12 - 2012-02-18",0,0,0,1,75,2012-02-12,2012-02-18
"281","2012-02-19 - 2012-02-25",0,0,0,1,76,2012-02-19,2012-02-25
"282","2012-02-26 - 2012-03-03",0,0,0,1,75,2012-02-26,2012-03-03
"283","2012-03-04 - 2012-03-10",0,0,0,1,76,2012-03-04,2012-03-10
"284","2012-03-11 - 2012-03-17",0,0,0,1,75,2012-03-11,2012-03-17
"285","2012-03-18 - 2012-03-24",0,0,0,1,75,2012-03-18,2012-03-24
"286","2012-03-25 - 2012-03-31",0,0,0,1,73,2012-03-25,2012-03-31
"287","2012-04-01 - 2012-04-07",0,0,0,1,75,2012-04-01,2012-04-07
"288","2012-04-08 - 2012-04-14",1,0,0,1,75,2012-04-08,2012-04-14
"289","2012-04-15 - 2012-04-21",0,0,0,1,75,2012-04-15,2012-04-21
"290","2012-04-22 - 2012-04-28",0,0,0,1,75,2012-04-22,2012-04-28
"291","2012-04-29 - 2012-05-05",0,0,0,1,74,2012-04-29,2012-05-05
"292","2012-05-06 - 2012-05-12",0,0,0,1,75,2012-05-06,2012-05-12
"293","2012-05-13 - 2012-05-19",0,0,0,1,73,2012-05-13,2012-05-19
"294","2012-05-20 - 2012-05-26",0,0,0,1,73,2012-05-20,2012-05-26
"295","2012-05-27 - 2012-06-02",0,0,0,1,77,2012-05-27,2012-06-02
"296","2012-06-03 - 2012-06-09",0,0,0,1,76,2012-06-03,2012-06-09
"297","2012-06-10 - 2012-06-16",0,0,0,1,75,2012-06-10,2012-06-16
"298","2012-06-17 - 2012-06-23",0,0,0,1,75,2012-06-17,2012-06-23
"299","2012-06-24 - 2012-06-30",1,0,0,1,75,2012-06-24,2012-06-30
"300","2012-07-01 - 2012-07-07",1,0,0,1,75,2012-07-01,2012-07-07
"301","2012-07-08 - 2012-07-14",0,0,0,1,74,2012-07-08,2012-07-14
"302","2012-07-15 - 2012-07-21",0,0,0,1,74,2012-07-15,2012-07-21
"303","2012-07-22 - 2012-07-28",1,0,0,1,75,2012-07-22,2012-07-28
"304","2012-07-29 - 2012-08-04",1,0,0,1,75,2012-07-29,2012-08-04
"305","2012-08-05 - 2012-08-11",1,0,0,1,73,2012-08-05,2012-08-11
"306","2012-08-12 - 2012-08-18",1,0,0,1,75,2012-08-12,2012-08-18
"307","2012-08-19 - 2012-08-25",1,0,0,1,75,2012-08-19,2012-08-25
"308","2012-08-26 - 2012-09-01",1,0,0,1,73,2012-08-26,2012-09-01
"309","2012-09-02 - 2012-09-08",1,0,0,1,76,2012-09-02,2012-09-08
"310","2012-09-09 - 2012-09-15",1,0,0,1,71,2012-09-09,2012-09-15
"311","2012-09-16 - 2012-09-22",1,0,0,1,72,2012-09-16,2012-09-22
"312","2012-09-23 - 2012-09-29",1,0,0,1,73,2012-09-23,2012-09-29
"313","2012-09-30 - 2012-10-06",1,0,0,1,82,2012-09-30,2012-10-06
"314","2012-10-07 - 2012-10-13",1,0,0,1,95,2012-10-07,2012-10-13
"315","2012-10-14 - 2012-10-20",1,0,0,1,94,2012-10-14,2012-10-20
"316","2012-10-21 - 2012-10-27",1,0,0,1,91,2012-10-21,2012-10-27
"317","2012-10-28 - 2012-11-03",1,0,0,1,93,2012-10-28,2012-11-03
"318","2012-11-04 - 2012-11-10",1,0,0,1,94,2012-11-04,2012-11-10
"319","2012-11-11 - 2012-11-17",1,0,0,1,94,2012-11-11,2012-11-17
"320","2012-11-18 - 2012-11-24",1,0,0,1,94,2012-11-18,2012-11-24
"321","2012-11-25 - 2012-12-01",1,0,0,1,95,2012-11-25,2012-12-01
"322","2012-12-02 - 2012-12-08",1,0,0,1,90,2012-12-02,2012-12-08
"323","2012-12-09 - 2012-12-15",1,0,0,1,93,2012-12-09,2012-12-15
"324","2012-12-16 - 2012-12-22",1,0,0,1,90,2012-12-16,2012-12-22
"325","2012-12-23 - 2012-12-29",1,0,0,1,100,2012-12-23,2012-12-29
"326","2012-12-30 - 2013-01-05",1,0,0,1,99,2012-12-30,2013-01-05
"327","2013-01-06 - 2013-01-12",1,0,0,1,93,2013-01-06,2013-01-12
"328","2013-01-13 - 2013-01-19",1,0,0,1,90,2013-01-13,2013-01-19
"329","2013-01-20 - 2013-01-26",1,0,0,1,91,2013-01-20,2013-01-26
"330","2013-01-27 - 2013-02-02",1,0,0,1,91,2013-01-27,2013-02-02
"331","2013-02-03 - 2013-02-09",1,0,0,1,88,2013-02-03,2013-02-09
"332","2013-02-10 - 2013-02-16",1,0,0,1,90,2013-02-10,2013-02-16
"333","2013-02-17 - 2013-02-23",1,0,0,1,87,2013-02-17,2013-02-23
"334","2013-02-24 - 2013-03-02",1,0,0,1,86,2013-02-24,2013-03-02
"335","2013-03-03 - 2013-03-09",1,0,0,1,88,2013-03-03,2013-03-09
"336","2013-03-10 - 2013-03-16",1,0,0,1,88,2013-03-10,2013-03-16
"337","2013-03-17 - 2013-03-23",1,0,0,1,87,2013-03-17,2013-03-23
"338","2013-03-24 - 2013-03-30",1,0,0,1,90,2013-03-24,2013-03-30
"339","2013-03-31 - 2013-04-06",1,0,0,1,92,2013-03-31,2013-04-06
"340","2013-04-07 - 2013-04-13",1,0,0,1,90,2013-04-07,2013-04-13
"341","2013-04-14 - 2013-04-20",1,0,0,1,88,2013-04-14,2013-04-20
"342","2013-04-21 - 2013-04-27",1,0,0,1,88,2013-04-21,2013-04-27
"343","2013-04-28 - 2013-05-04",1,0,0,1,89,2013-04-28,2013-05-04
"344","2013-05-05 - 2013-05-11",1,0,0,1,87,2013-05-05,2013-05-11
"345","2013-05-12 - 2013-05-18",1,0,0,1,86,2013-05-12,2013-05-18
"346","2013-05-19 - 2013-05-25",1,0,0,1,90,2013-05-19,2013-05-25
"347","2013-05-26 - 2013-06-01",1,0,0,1,89,2013-05-26,2013-06-01
"348","2013-06-02 - 2013-06-08",1,0,0,1,90,2013-06-02,2013-06-08
"349","2013-06-09 - 2013-06-15",1,0,0,1,91,2013-06-09,2013-06-15
"350","2013-06-16 - 2013-06-22",2,0,0,1,91,2013-06-16,2013-06-22
"351","2013-06-23 - 2013-06-29",2,0,0,1,88,2013-06-23,2013-06-29
"352","2013-06-30 - 2013-07-06",2,0,0,1,92,2013-06-30,2013-07-06
"353","2013-07-07 - 2013-07-13",2,0,0,1,90,2013-07-07,2013-07-13
"354","2013-07-14 - 2013-07-20",2,0,0,1,91,2013-07-14,2013-07-20
"355","2013-07-21 - 2013-07-27",2,0,0,1,88,2013-07-21,2013-07-27
"356","2013-07-28 - 2013-08-03",2,0,0,1,89,2013-07-28,2013-08-03
"357","2013-08-04 - 2013-08-10",2,0,0,1,86,2013-08-04,2013-08-10
"358","2013-08-11 - 2013-08-17",2,0,0,1,88,2013-08-11,2013-08-17
"359","2013-08-18 - 2013-08-24",2,0,0,1,85,2013-08-18,2013-08-24
"360","2013-08-25 - 2013-08-31",2,0,0,1,85,2013-08-25,2013-08-31
"361","2013-09-01 - 2013-09-07",2,0,0,1,84,2013-09-01,2013-09-07
"362","2013-09-08 - 2013-09-14",2,0,0,1,82,2013-09-08,2013-09-14
"363","2013-09-15 - 2013-09-21",2,0,0,1,81,2013-09-15,2013-09-21
"364","2013-09-22 - 2013-09-28",2,0,0,1,83,2013-09-22,2013-09-28
"365","2013-09-29 - 2013-10-05",2,0,0,1,81,2013-09-29,2013-10-05
"366","2013-10-06 - 2013-10-12",2,0,0,1,79,2013-10-06,2013-10-12
"367","2013-10-13 - 2013-10-19",2,0,0,1,80,2013-10-13,2013-10-19
"368","2013-10-20 - 2013-10-26",2,0,0,1,76,2013-10-20,2013-10-26
"369","2013-10-27 - 2013-11-02",2,0,0,1,79,2013-10-27,2013-11-02
"370","2013-11-03 - 2013-11-09",2,0,0,1,78,2013-11-03,2013-11-09
"371","2013-11-10 - 2013-11-16",2,0,0,1,77,2013-11-10,2013-11-16
"372","2013-11-17 - 2013-11-23",2,0,0,1,77,2013-11-17,2013-11-23
"373","2013-11-24 - 2013-11-30",2,0,0,1,76,2013-11-24,2013-11-30
"374","2013-12-01 - 2013-12-07",2,0,0,1,76,2013-12-01,2013-12-07
"375","2013-12-08 - 2013-12-14",2,0,0,1,73,2013-12-08,2013-12-14
"376","2013-12-15 - 2013-12-21",2,0,0,1,73,2013-12-15,2013-12-21
"377","2013-12-22 - 2013-12-28",2,0,0,1,80,2013-12-22,2013-12-28
"378","2013-12-29 - 2014-01-04",2,0,0,1,76,2013-12-29,2014-01-04
"379","2014-01-05 - 2014-01-11",2,0,0,1,73,2014-01-05,2014-01-11
"380","2014-01-12 - 2014-01-18",2,0,0,1,72,2014-01-12,2014-01-18
"381","2014-01-19 - 2014-01-25",2,0,0,1,71,2014-01-19,2014-01-25
"382","2014-01-26 - 2014-02-01",2,0,0,1,72,2014-01-26,2014-02-01
"383","2014-02-02 - 2014-02-08",2,0,0,1,70,2014-02-02,2014-02-08
"384","2014-02-09 - 2014-02-15",2,0,0,1,70,2014-02-09,2014-02-15
"385","2014-02-16 - 2014-02-22",2,0,0,1,70,2014-02-16,2014-02-22
"386","2014-02-23 - 2014-03-01",2,0,0,1,70,2014-02-23,2014-03-01
"387","2014-03-02 - 2014-03-08",2,0,0,1,70,2014-03-02,2014-03-08
"388","2014-03-09 - 2014-03-15",2,0,0,1,71,2014-03-09,2014-03-15
"389","2014-03-16 - 2014-03-22",2,0,0,1,71,2014-03-16,2014-03-22
"390","2014-03-23 - 2014-03-29",2,0,0,1,70,2014-03-23,2014-03-29
"391","2014-03-30 - 2014-04-05",2,0,0,1,70,2014-03-30,2014-04-05
"392","2014-04-06 - 2014-04-12",2,0,0,1,69,2014-04-06,2014-04-12
"393","2014-04-13 - 2014-04-19",2,0,0,1,70,2014-04-13,2014-04-19
"394","2014-04-20 - 2014-04-26",2,0,0,1,70,2014-04-20,2014-04-26
"395","2014-04-27 - 2014-05-03",2,0,0,1,68,2014-04-27,2014-05-03
"396","2014-05-04 - 2014-05-10",2,0,0,1,68,2014-05-04,2014-05-10
"397","2014-05-11 - 2014-05-17",2,0,0,1,67,2014-05-11,2014-05-17
"398","2014-05-18 - 2014-05-24",2,0,0,1,68,2014-05-18,2014-05-24
"399","2014-05-25 - 2014-05-31",2,0,0,1,70,2014-05-25,2014-05-31
"400","2014-06-01 - 2014-06-07",2,0,0,1,70,2014-06-01,2014-06-07
"401","2014-06-08 - 2014-06-14",2,0,0,1,72,2014-06-08,2014-06-14
"402","2014-06-15 - 2014-06-21",2,0,0,1,71,2014-06-15,2014-06-21
"403","2014-06-22 - 2014-06-28",2,0,0,1,69,2014-06-22,2014-06-28
"404","2014-06-29 - 2014-07-05",2,0,0,1,69,2014-06-29,2014-07-05
"405","2014-07-06 - 2014-07-12",2,0,0,1,68,2014-07-06,2014-07-12
"406","2014-07-13 - 2014-07-19",2,0,0,1,72,2014-07-13,2014-07-19
"407","2014-07-20 - 2014-07-26",2,0,0,1,70,2014-07-20,2014-07-26
"408","2014-07-27 - 2014-08-02",2,0,0,1,69,2014-07-27,2014-08-02
"409","2014-08-03 - 2014-08-09",2,0,0,1,67,2014-08-03,2014-08-09
"410","2014-08-10 - 2014-08-16",2,0,0,1,67,2014-08-10,2014-08-16
"411","2014-08-17 - 2014-08-23",3,0,0,1,67,2014-08-17,2014-08-23
"412","2014-08-24 - 2014-08-30",3,0,0,1,68,2014-08-24,2014-08-30
"413","2014-08-31 - 2014-09-06",2,0,0,1,68,2014-08-31,2014-09-06
"414","2014-09-07 - 2014-09-13",2,0,0,1,67,2014-09-07,2014-09-13
"415","2014-09-14 - 2014-09-20",2,0,0,1,67,2014-09-14,2014-09-20
"416","2014-09-21 - 2014-09-27",2,0,0,1,66,2014-09-21,2014-09-27
"417","2014-09-28 - 2014-10-04",2,0,0,1,65,2014-09-28,2014-10-04
"418","2014-10-05 - 2014-10-11",2,0,0,1,62,2014-10-05,2014-10-11
"419","2014-10-12 - 2014-10-18",2,0,0,1,63,2014-10-12,2014-10-18
"420","2014-10-19 - 2014-10-25",2,0,0,1,65,2014-10-19,2014-10-25
"421","2014-10-26 - 2014-11-01",2,0,0,1,63,2014-10-26,2014-11-01
"422","2014-11-02 - 2014-11-08",2,0,0,1,62,2014-11-02,2014-11-08
"423","2014-11-09 - 2014-11-15",2,0,0,1,62,2014-11-09,2014-11-15
"424","2014-11-16 - 2014-11-22",2,0,0,1,61,2014-11-16,2014-11-22
"425","2014-11-23 - 2014-11-29",2,0,0,1,60,2014-11-23,2014-11-29
"426","2014-11-30 - 2014-12-06",2,0,0,1,60,2014-11-30,2014-12-06
"427","2014-12-07 - 2014-12-13",2,0,0,1,58,2014-12-07,2014-12-13
"428","2014-12-14 - 2014-12-20",2,0,0,1,60,2014-12-14,2014-12-20
"429","2014-12-21 - 2014-12-27",3,0,0,1,63,2014-12-21,2014-12-27
"430","2014-12-28 - 2015-01-03",3,0,0,1,63,2014-12-28,2015-01-03
"431","2015-01-04 - 2015-01-10",3,0,0,1,58,2015-01-04,2015-01-10
"432","2015-01-11 - 2015-01-17",2,0,0,1,57,2015-01-11,2015-01-17
"433","2015-01-18 - 2015-01-24",3,0,0,1,56,2015-01-18,2015-01-24
"434","2015-01-25 - 2015-01-31",3,0,0,1,56,2015-01-25,2015-01-31
"435","2015-02-01 - 2015-02-07",2,0,0,1,57,2015-02-01,2015-02-07
"436","2015-02-08 - 2015-02-14",2,0,0,1,57,2015-02-08,2015-02-14
"437","2015-02-15 - 2015-02-21",2,0,0,1,56,2015-02-15,2015-02-21
"438","2015-02-22 - 2015-02-28",2,0,0,1,55,2015-02-22,2015-02-28
"439","2015-03-01 - 2015-03-07",2,0,0,1,55,2015-03-01,2015-03-07
"440","2015-03-08 - 2015-03-14",2,0,0,1,56,2015-03-08,2015-03-14
"441","2015-03-15 - 2015-03-21",2,0,0,1,55,2015-03-15,2015-03-21
"442","2015-03-22 - 2015-03-28",3,0,0,1,56,2015-03-22,2015-03-28
"443","2015-03-29 - 2015-04-04",2,0,0,1,56,2015-03-29,2015-04-04
"444","2015-04-05 - 2015-04-11",3,0,0,1,55,2015-04-05,2015-04-11
"445","2015-04-12 - 2015-04-18",3,0,0,1,56,2015-04-12,2015-04-18
"446","2015-04-19 - 2015-04-25",3,0,0,1,57,2015-04-19,2015-04-25
"447","2015-04-26 - 2015-05-02",3,0,0,1,55,2015-04-26,2015-05-02
"448","2015-05-03 - 2015-05-09",3,0,0,1,56,2015-05-03,2015-05-09
